file,path,line,come,vul,vultype,version,gpt_response_valid,is_fixed,is_correctly_fixed,is_fixed_info,未能成功修复原因
0x06faa4d8157ba45baf2da5e7d02384225948d54f,/home/hjh/Desktop/test/sguardplus/sum/0x06faa4d8157ba45baf2da5e7d02384225948d54f.sol,18,rlrep,12,Arithmetic,^0.4.24,FALSE,True,FALSE,,
0x09e780855f195fcbb0b403a6676a4b34467ae510,/home/hjh/Desktop/test/sguardplus/sum/0x09e780855f195fcbb0b403a6676a4b34467ae510.sol,511,rlrep,475,access_control,^0.4.25,TRUE,True,TRUE,,
0x0d0edbcf2c0da25ac9a79c9466989e46a8f96221,/home/hjh/Desktop/test/sguardplus/sum/0x0d0edbcf2c0da25ac9a79c9466989e46a8f96221.sol,131,smartfix,64,unchecked_low_level_calls,>=0.4.22 <0.7.0,TRUE,False,TRUE,"./smartcontract/single_fixed_contracts\0x0d0edbcf2c0da25ac9a79c9466989e46a8f96221(64).sol:62:36: Error: Expected ',' but got 'payable'
    function withdrawFunds(address payable receiver, uint256 withdrawAmount) external onlyOwner {
                                   ^-----^
",不支持的语法特性
0x16ba8a8c7cefb05c9a8dcb0bc04e05437081d228,/home/hjh/Desktop/test/sguardplus/sum/0x16ba8a8c7cefb05c9a8dcb0bc04e05437081d228.sol,41,rlrep,33,access_control,^0.4.25,TRUE,True,TRUE,,
0x1779715743db83628e3cd5f2aeea3177ab415621,/home/hjh/Desktop/test/sguardplus/sum/0x1779715743db83628e3cd5f2aeea3177ab415621.sol,262,rlrep,138,access_control,^0.4.19,TRUE,True,TRUE,,
0x17f68886d00845867c154c912b4ccc506ec92fc7,/home/hjh/Desktop/test/sguardplus/sum/0x17f68886d00845867c154c912b4ccc506ec92fc7.sol,272,rlrep,45,access_control,^0.4.25,TRUE,True,TRUE,,
0x184001d794a8c91def72b8a488b67cc907d4e5be,/home/hjh/Desktop/test/sguardplus/sum/0x184001d794a8c91def72b8a488b67cc907d4e5be.sol,42,rlrep,16,Arithmetic,^0.4.21,TRUE,True,TRUE,,
0x1ca43a170bad619322e6f54d46b57e504db663aa,/home/hjh/Desktop/test/sguardplus/sum/0x1ca43a170bad619322e6f54d46b57e504db663aa.sol,390,rlrep,321,unchecked_low_level_calls,^0.4.25,FALSE(脚本原因导致),False,,"./smartcontract/single_fixed_contracts\0x1ca43a170bad619322e6f54d46b57e504db663aa(321).sol:321:68: Error: Undeclared identifier. Did you mean ""min"", ""sub"" or ""msg""?
            (bool callSuccess, ) = address(receiver).call.value(0)(sig, _from, _amount, _data);
                                                                   ^-^
./smartcontract/single_fixed_contracts\0x1ca43a170bad619322e6f54d46b57e504db663aa(321).sol:3:5: Warning: Variable is shadowed in inline assembly by an instruction of the same name
    function add(uint x, uint y) internal pure returns (uint z) {
    ^ (Relevant source part starts here and spans across multiple lines).
./smartcontract/single_fixed_contracts\0x1ca43a170bad619322e6f54d46b57e504db663aa(321).sol:9:5: Warning: Variable is shadowed in inline assembly by an instruction of the same name
    function mul(uint x, uint y) internal pure returns (uint z) {
    ^ (Relevant source part starts here and spans across multiple lines).
./smartcontract/single_fixed_contracts\0x1ca43a170bad619322e6f54d46b57e504db663aa(321).sol:134:5: Warning: Variable is shadowed in inline assembly by an instruction of the same name
    function stop() public auth note {
    ^ (Relevant source part starts here and spans across multiple lines).
./smartcontract/single_fixed_contracts\0x1ca43a170bad619322e6f54d46b57e504db663aa(321).sol:6:5: Warning: Variable is shadowed in inline assembly by an instruction of the same name
    function sub(uint x, uint y) internal pure returns (uint z) {
    ^ (Relevant source part starts here and spans across multiple lines).
",未定义的变量和结构等
0x1f313e1015d362a50a16a479f857637bbb36a353,/home/hjh/Desktop/test/sguardplus/sum/0x1f313e1015d362a50a16a479f857637bbb36a353.sol,51,rlrep,33,Reentrancy,^0.4.16,TRUE,True,TRUE,,
0x232391765aacf9e075e66162ce4e453afcbf14b5,/home/hjh/Desktop/test/sguardplus/sum/0x232391765aacf9e075e66162ce4e453afcbf14b5.sol,161,smartfix,135,Reentrancy,0.8.2,TRUE,True,FALSE（修复错误）,,
0x24e188a980b0aeab2c68f3eb20cc823af96a36da,/home/hjh/Desktop/test/sguardplus/sum/0x24e188a980b0aeab2c68f3eb20cc823af96a36da.sol,649,rlrep,619,access_control,^0.4.25,TRUE,False,FALSE（未添加modifier的定义）,"./smartcontract/single_fixed_contracts\0x24e188a980b0aeab2c68f3eb20cc823af96a36da(619).sol:618:42: Error: Undeclared identifier.
    function setEth(uint _newEth) public onlyOwner {
                                         ^-------^
",未定义的变量和结构等
0x29a904eecbcab49b667b2f5a1e5d5ad72065f7d0,/home/hjh/Desktop/test/sguardplus/sum/0x29a904eecbcab49b667b2f5a1e5d5ad72065f7d0.sol,154,rlrep,104,DoS,0.4.25,TRUE,True,TRUE,,
0x2a1f5ed03553248602f6482fa78c7436f5ed2489,/home/hjh/Desktop/test/sguardplus/sum/0x2a1f5ed03553248602f6482fa78c7436f5ed2489.sol,63,rlrep,49,access_control,^0.4.11,TRUE,True,TRUE,,
0x37e026a1f260cf67fb21205ece2609773f9aeffc,/home/hjh/Desktop/test/sguardplus/sum/0x37e026a1f260cf67fb21205ece2609773f9aeffc.sol,159,rlrep,117,unchecked_low_level_calls,^0.4.16,TRUE,True,TRUE,,
0x38acc6c57f3fea1d9dbffb395f3f7c3143f0d749,/home/hjh/Desktop/test/sguardplus/sum/0x38acc6c57f3fea1d9dbffb395f3f7c3143f0d749.sol,47,rlrep,33,Arithmetic,^0.4.19,TRUE,True,TRUE,,
0x40eac8f2702758275abbbda2881708f82c417a7f,/home/hjh/Desktop/test/sguardplus/sum/0x40eac8f2702758275abbbda2881708f82c417a7f.sol,20,rlrep,12,unchecked_low_level_calls,^0.4.25,TRUE,True,FALSE,,
0x4c114ee75dbc533ef90dae72217fa26d74221b80,/home/hjh/Desktop/test/sguardplus/sum/0x4c114ee75dbc533ef90dae72217fa26d74221b80.sol,63,rlrep,49,access_control,^0.4.11,TRUE,True,TRUE,,
0x4c60e311d8fba04e313f7e7b3dec61b3028726d1,/home/hjh/Desktop/test/sguardplus/sum/0x4c60e311d8fba04e313f7e7b3dec61b3028726d1.sol,499,rlrep,194,access_control,^0.4.24,TRUE,True,FALSE,,
0x50eeadf357248029c74ce2fecffa9f7354b1feaf,/home/hjh/Desktop/test/sguardplus/sum/0x50eeadf357248029c74ce2fecffa9f7354b1feaf.sol,63,rlrep,49,access_control,^0.4.11,TRUE,True,TRUE,,
0x51109152d0335fa841443fd78ba678b0cf276ed7,/home/hjh/Desktop/test/sguardplus/sum/0x51109152d0335fa841443fd78ba678b0cf276ed7.sol,36,rlrep,32,unchecked_low_level_calls,^0.4.18,TRUE,True,TRUE,,
0x514ab9fb627de22542f9aa7e561980e46bf17272,/home/hjh/Desktop/test/sguardplus/sum/0x514ab9fb627de22542f9aa7e561980e46bf17272.sol,17,rlrep,8,unchecked_low_level_calls,^0.4.25,TRUE,False,TRUE,"./smartcontract/single_fixed_contracts\0x514ab9fb627de22542f9aa7e561980e46bf17272(8).sol:7:31: Error: Expected ',' but got 'payable'
    function transfer(address payable target) public payable {
                              ^-----^
",不支持的语法特性
0x51e14cae717d807867abcbbf386654bfcb1feaee,/home/hjh/Desktop/test/sguardplus/sum/0x51e14cae717d807867abcbbf386654bfcb1feaee.sol,42,rlrep,16,Arithmetic,^0.4.21	,TRUE,True,TRUE,,
0x51f545a57a88d193227f506ff07911da0df2749c,/home/hjh/Desktop/test/sguardplus/sum/0x51f545a57a88d193227f506ff07911da0df2749c.sol,42,rlrep,16,Arithmetic,^0.4.21	,TRUE,True,FALSE（注释消失，内容没变）,,
0x581afec4d061e49956eb3e26d2b98ed6ffc4a0c5,/home/hjh/Desktop/test/sguardplus/sum/0x581afec4d061e49956eb3e26d2b98ed6ffc4a0c5.sol,22,rlrep,17,unchecked_low_level_calls,^0.4.24,TRUE,False,TRUE,"./smartcontract/single_fixed_contracts\0x581afec4d061e49956eb3e26d2b98ed6ffc4a0c5(17).sol:16:17: Error: Expected ';' but got 'payable'
        address payable sender = msg.sender;
                ^-----^
",不支持的语法特性
0x652925633dbe6d274a3cf3d762ee920e2170c041,/home/hjh/Desktop/test/sguardplus/sum/0x652925633dbe6d274a3cf3d762ee920e2170c041.sol,510,rlrep,475,access_control,^0.4.25,TRUE,True,TRUE,,
0x6aaf1feb234033ccd5b62c0353cceee22b7ac03b,/home/hjh/Desktop/test/sguardplus/sum/0x6aaf1feb234033ccd5b62c0353cceee22b7ac03b.sol,42,rlrep,16,Arithmetic,^0.4.21,TRUE,True,TRUE,,
0x6b9d6a0bc491f2a6f57fd1eff9acbbaf8d21417b,/home/hjh/Desktop/test/sguardplus/sum/0x6b9d6a0bc491f2a6f57fd1eff9acbbaf8d21417b.sol,41,rlrep,33,access_control,^0.4.25,TRUE,True,TRUE,,
0x6eab644deba95ca78e4ca636c366f19b75290d65,/home/hjh/Desktop/test/sguardplus/sum/0x6eab644deba95ca78e4ca636c366f19b75290d65.sol,63,rlrep,49,access_control,^0.4.11,TRUE,True,TRUE,,
0x70e531091d82e183f7246012d1566c3fe1315625,/home/hjh/Desktop/test/sguardplus/sum/0x70e531091d82e183f7246012d1566c3fe1315625.sol,26,rlrep,12,access_control,^0.4.18,TRUE,True,TRUE,,
0x724e3a236d3e9c8ad2c3d1aff181118e6e9b3026,/home/hjh/Desktop/test/sguardplus/sum/0x724e3a236d3e9c8ad2c3d1aff181118e6e9b3026.sol,268,smartfix,247,access_control,^0.4.18,TRUE,True,TRUE,,
0x763a1f49160f947563a3a57f6f979d585c2b09df,/home/hjh/Desktop/test/sguardplus/sum/0x763a1f49160f947563a3a57f6f979d585c2b09df.sol,51,rlrep,45,unchecked_low_level_calls,^0.4.24,TRUE,True,TRUE,,
0x78c2a1e91b52bca4130b6ed9edd9fbcfd4671c37,/home/hjh/Desktop/test/sguardplus/sum/0x78c2a1e91b52bca4130b6ed9edd9fbcfd4671c37.sol,47,SmartBugs,45,unchecked_low_level_calls,^0.4.19,TRUE,False,TRUE,"./smartcontract/single_fixed_contracts\0x78c2a1e91b52bca4130b6ed9edd9fbcfd4671c37(45).sol:26:3485: Warning: Using contract member ""balance"" inherited from the address type is deprecated. Convert the contract to ""address"" type to access the member, for example use ""address(contract).balance"" instead.
 ... this.balance ... 
     ^----------^
./smartcontract/single_fixed_contracts\0x78c2a1e91b52bca4130b6ed9edd9fbcfd4671c37(45).sol:27:33: Warning: Using contract member ""balance"" inherited from the address type is deprecated. Convert the contract to ""address"" type to access the member, for example use ""address(contract).balance"" instead.
            msg.sender.transfer(this.balance);
                                ^----------^
./smartcontract/single_fixed_contracts\0x78c2a1e91b52bca4130b6ed9edd9fbcfd4671c37(45).sol:36:24: Warning: Using contract member ""balance"" inherited from the address type is deprecated. Convert the contract to ""address"" type to access the member, for example use ""address(contract).balance"" instead.
        Owner.transfer(this.balance);
                       ^----------^
./smartcontract/single_fixed_contracts\0x78c2a1e91b52bca4130b6ed9edd9fbcfd4671c37(45).sol:43:25: Error: Type bool is not implicitly convertible to expected type tuple(bool,bytes memory).
    (success, result) = adr.call.value(msg.value)(data);
                        ^-----------------------------^
",错误的类型转换
0x7d1903eeb918b75115435bc226694e0930d4193a,/home/hjh/Desktop/test/sguardplus/sum/0x7d1903eeb918b75115435bc226694e0930d4193a.sol,109,rlrep,35,access_control,^0.4.25,TRUE,True,TRUE,,
0x7dcb72ad13f89a3e6a97943073b03e65935e976e,/home/hjh/Desktop/test/sguardplus/sum/0x7dcb72ad13f89a3e6a97943073b03e65935e976e.sol,32,rlrep,16,Arithmetic,^0.4.11,TRUE,True,FALSE（未修复溢出漏洞）,,
0x8260aa7b903fa1746820ebf674f2f837b22f016b,/home/hjh/Desktop/test/sguardplus/sum/0x8260aa7b903fa1746820ebf674f2f837b22f016b.sol,54,rlrep,28,Arithmetic,^0.4.18,TRUE,True,TRUE,,
0x85f1752fcaf37c45aa77d677e54e94f533c49874,/home/hjh/Desktop/test/sguardplus/sum/0x85f1752fcaf37c45aa77d677e54e94f533c49874.sol,229,rlrep,209,access_control,^0.4.18,TRUE,True,TRUE,,
0x8d224658147dee7a390100267d3aff9c30605b3f,/home/hjh/Desktop/test/sguardplus/sum/0x8d224658147dee7a390100267d3aff9c30605b3f.sol,63,rlrep,49,access_control,^0.4.11,TRUE,True,FALSE（未修复溢出漏洞）,,
0x94603d4a41856bccb75cc3603af19fc161a7b6b6,/home/hjh/Desktop/test/sguardplus/sum/0x94603d4a41856bccb75cc3603af19fc161a7b6b6.sol,256,smartfix,50,access_control,^0.4.18,TRUE,False,TRUE,"./smartcontract/single_fixed_contracts\0x94603d4a41856bccb75cc3603af19fc161a7b6b6(50).sol:39:5: Warning: Defining constructors as functions with the same name as the contract is deprecated. Use ""constructor(...) { ... }"" instead.
    function RfsCoin() public {
    ^ (Relevant source part starts here and spans across multiple lines).
./smartcontract/single_fixed_contracts\0x94603d4a41856bccb75cc3603af19fc161a7b6b6(50).sol:48:5: Warning: Use of the ""var"" keyword is deprecated.
    var balance = dividends(msg.sender);
    ^---------^
./smartcontract/single_fixed_contracts\0x94603d4a41856bccb75cc3603af19fc161a7b6b6(50).sol:56:9: Warning: Use of the ""var"" keyword is deprecated.
        var balance = balanceOf(msg.sender);
        ^---------^
./smartcontract/single_fixed_contracts\0x94603d4a41856bccb75cc3603af19fc161a7b6b6(50).sol:102:9: Warning: Use of the ""var"" keyword is deprecated.
        var _allowance = allowance[_from][msg.sender];
        ^------------^
./smartcontract/single_fixed_contracts\0x94603d4a41856bccb75cc3603af19fc161a7b6b6(50).sol:124:9: Warning: Use of the ""var"" keyword is deprecated.
        var balance = dividends(msg.sender);
        ^---------^
./smartcontract/single_fixed_contracts\0x94603d4a41856bccb75cc3603af19fc161a7b6b6(50).sol:141:9: Warning: Use of the ""var"" keyword is deprecated.
        var sender = msg.sender;
        ^--------^
./smartcontract/single_fixed_contracts\0x94603d4a41856bccb75cc3603af19fc161a7b6b6(50).sol:143:9: Warning: Use of the ""var"" keyword is deprecated.
        var fee = (uint)(msg.value / 10);
        ^-----^
./smartcontract/single_fixed_contracts\0x94603d4a41856bccb75cc3603af19fc161a7b6b6(50).sol:146:9: Warning: Use of the ""var"" keyword is deprecated.
        var numEther = msg.value - fee;
        ^----------^
./smartcontract/single_fixed_contracts\0x94603d4a41856bccb75cc3603af19fc161a7b6b6(50).sol:147:9: Warning: Use of the ""var"" keyword is deprecated.
        var numTokens = getTokensForEther(numEther);
        ^-----------^
./smartcontract/single_fixed_contracts\0x94603d4a41856bccb75cc3603af19fc161a7b6b6(50).sol:149:9: Warning: Use of the ""var"" keyword is deprecated.
        var buyerfee = fee * PRECISION;
        ^----------^
./smartcontract/single_fixed_contracts\0x94603d4a41856bccb75cc3603af19fc161a7b6b6(50).sol:153:13: Warning: Use of the ""var"" keyword is deprecated.
            var holderreward =
            ^--------------^
./smartcontract/single_fixed_contracts\0x94603d4a41856bccb75cc3603af19fc161a7b6b6(50).sol:156:13: Warning: Use of the ""var"" keyword is deprecated.
            var holderfee = fee * holderreward;
            ^-----------^
./smartcontract/single_fixed_contracts\0x94603d4a41856bccb75cc3603af19fc161a7b6b6(50).sol:160:13: Warning: Use of the ""var"" keyword is deprecated.
            var feePerShare = holderfee / totalSupply;
            ^-------------^
./smartcontract/single_fixed_contracts\0x94603d4a41856bccb75cc3603af19fc161a7b6b6(50).sol:169:9: Warning: Use of the ""var"" keyword is deprecated.
        var payoutDiff = (int256) ((earningsPerShare * numTokens) - buyerfee);
        ^------------^
./smartcontract/single_fixed_contracts\0x94603d4a41856bccb75cc3603af19fc161a7b6b6(50).sol:175:9: Warning: Use of the ""var"" keyword is deprecated.
        var numEthers = getEtherForTokens(amount);
        ^-----------^
./smartcontract/single_fixed_contracts\0x94603d4a41856bccb75cc3603af19fc161a7b6b6(50).sol:181:9: Warning: Use of the ""var"" keyword is deprecated.
        var payoutDiff = (int256) (earningsPerShare * amount + (numEthers * PRECISION));
        ^------------^
./smartcontract/single_fixed_contracts\0x94603d4a41856bccb75cc3603af19fc161a7b6b6(50).sol:222:9: Warning: Use of the ""var"" keyword is deprecated.
        var z = (s*s) / one;
        ^---^
./smartcontract/single_fixed_contracts\0x94603d4a41856bccb75cc3603af19fc161a7b6b6(50).sol:9:1: Warning: Source file does not specify required compiler version!Consider adding ""pragma solidity ^0.4.26;""
contract RfsCoin {
^ (Relevant source part starts here and spans across multiple lines).
./smartcontract/single_fixed_contracts\0x94603d4a41856bccb75cc3603af19fc161a7b6b6(50).sol:46:47: Error: Undeclared identifier.
    function withdraw(uint tokenCount) public onlyOwner returns (bool) {
                                              ^-------^
",未定义的变量和结构等
0x9f4fd6c336388f2ab7dc7bbe4740ae7b88b880d7,/home/hjh/Desktop/test/sguardplus/sum/0x9f4fd6c336388f2ab7dc7bbe4740ae7b88b880d7.sol,285,smartfix,57,access_control,^0.4.18,TRUE,False,TRUE,"./smartcontract/single_fixed_contracts\0x9f4fd6c336388f2ab7dc7bbe4740ae7b88b880d7(57).sol:41:2: Warning: Defining constructors as functions with the same name as the contract is deprecated. Use ""constructor(...) { ... }"" instead.
	function PonziToken() public {
 ^ (Relevant source part starts here and spans across multiple lines).
./smartcontract/single_fixed_contracts\0x9f4fd6c336388f2ab7dc7bbe4740ae7b88b880d7(57).sol:60:3: Warning: Use of the ""var"" keyword is deprecated.
		var balance = balanceOf(msg.sender);
		^---------^
./smartcontract/single_fixed_contracts\0x9f4fd6c336388f2ab7dc7bbe4740ae7b88b880d7(57).sol:124:9: Warning: Use of the ""var"" keyword is deprecated.
        var _allowance = allowance[_from][msg.sender];
        ^------------^
./smartcontract/single_fixed_contracts\0x9f4fd6c336388f2ab7dc7bbe4740ae7b88b880d7(57).sol:146:3: Warning: Use of the ""var"" keyword is deprecated.
		var balance = dividends(msg.sender);
		^---------^
./smartcontract/single_fixed_contracts\0x9f4fd6c336388f2ab7dc7bbe4740ae7b88b880d7(57).sol:163:3: Warning: Use of the ""var"" keyword is deprecated.
		var sender = msg.sender;
		^--------^
./smartcontract/single_fixed_contracts\0x9f4fd6c336388f2ab7dc7bbe4740ae7b88b880d7(57).sol:165:3: Warning: Use of the ""var"" keyword is deprecated.
		var fee = (uint)(msg.value / 10);
		^-----^
./smartcontract/single_fixed_contracts\0x9f4fd6c336388f2ab7dc7bbe4740ae7b88b880d7(57).sol:168:3: Warning: Use of the ""var"" keyword is deprecated.
		var numEther = msg.value - fee;
		^----------^
./smartcontract/single_fixed_contracts\0x9f4fd6c336388f2ab7dc7bbe4740ae7b88b880d7(57).sol:169:3: Warning: Use of the ""var"" keyword is deprecated.
		var numTokens = getTokensForEther(numEther);
		^-----------^
./smartcontract/single_fixed_contracts\0x9f4fd6c336388f2ab7dc7bbe4740ae7b88b880d7(57).sol:171:3: Warning: Use of the ""var"" keyword is deprecated.
		var buyerfee = fee * PRECISION;
		^----------^
./smartcontract/single_fixed_contracts\0x9f4fd6c336388f2ab7dc7bbe4740ae7b88b880d7(57).sol:175:4: Warning: Use of the ""var"" keyword is deprecated.
			var holderreward =
			^--------------^
./smartcontract/single_fixed_contracts\0x9f4fd6c336388f2ab7dc7bbe4740ae7b88b880d7(57).sol:178:4: Warning: Use of the ""var"" keyword is deprecated.
			var holderfee = fee * holderreward;
			^-----------^
./smartcontract/single_fixed_contracts\0x9f4fd6c336388f2ab7dc7bbe4740ae7b88b880d7(57).sol:182:4: Warning: Use of the ""var"" keyword is deprecated.
			var feePerShare = holderfee / totalSupply;
			^-------------^
./smartcontract/single_fixed_contracts\0x9f4fd6c336388f2ab7dc7bbe4740ae7b88b880d7(57).sol:191:3: Warning: Use of the ""var"" keyword is deprecated.
		var payoutDiff = (int256) ((earningsPerShare * numTokens) - buyerfee);
		^------------^
./smartcontract/single_fixed_contracts\0x9f4fd6c336388f2ab7dc7bbe4740ae7b88b880d7(57).sol:197:3: Warning: Use of the ""var"" keyword is deprecated.
		var fees = (uint)(getEtherForTokens(amount)/10);
		^------^
./smartcontract/single_fixed_contracts\0x9f4fd6c336388f2ab7dc7bbe4740ae7b88b880d7(57).sol:198:3: Warning: Use of the ""var"" keyword is deprecated.
		var numEthers = getEtherForTokens(amount) - fees;
		^-----------^
./smartcontract/single_fixed_contracts\0x9f4fd6c336388f2ab7dc7bbe4740ae7b88b880d7(57).sol:204:3: Warning: Use of the ""var"" keyword is deprecated.
		var payoutDiff = (int256) (earningsPerShare * amount + (numEthers * PRECISION));
		^------------^
./smartcontract/single_fixed_contracts\0x9f4fd6c336388f2ab7dc7bbe4740ae7b88b880d7(57).sol:245:3: Warning: Use of the ""var"" keyword is deprecated.
		var z = (s*s) / one;
		^---^
./smartcontract/single_fixed_contracts\0x9f4fd6c336388f2ab7dc7bbe4740ae7b88b880d7(57).sol:11:1: Warning: Source file does not specify required compiler version!Consider adding ""pragma solidity ^0.4.26;""
contract PonziToken {
^ (Relevant source part starts here and spans across multiple lines).
./smartcontract/single_fixed_contracts\0x9f4fd6c336388f2ab7dc7bbe4740ae7b88b880d7(57).sol:50:44: Error: Undeclared identifier.
	function withdraw(uint tokenCount) public onlyOwner returns (bool) {
	                                          ^-------^
",未定义的变量和结构等
0x9f54d912a029380f2743aaf4ddd28c3f207cd719,/home/hjh/Desktop/test/sguardplus/sum/0x9f54d912a029380f2743aaf4ddd28c3f207cd719.sol,16,rlrep,13,access_control,^0.4.21,TRUE,True,TRUE,,
0xa342b71ef080fd75a78251aa83d3f5ce80743939,/home/hjh/Desktop/test/sguardplus/sum/0xa342b71ef080fd75a78251aa83d3f5ce80743939.sol,347,rlrep,124,access_control,^0.4.18,TRUE,True,TRUE,,
0xa958f2404d1a1b33e2d22244aab118dcfcc358e3,/home/hjh/Desktop/test/sguardplus/sum/0xa958f2404d1a1b33e2d22244aab118dcfcc358e3.sol,223,rlrep,134,access_control,^0.4.24,TRUE,True,TRUE,,
0xab51a20d744574f33e7f28a7b66b748dd5f7ce04,/home/hjh/Desktop/test/sguardplus/sum/0xab51a20d744574f33e7f28a7b66b748dd5f7ce04.sol,25,rlrep,15,TIME_MANIPULATION,^0.4.19,TRUE,True,FALSE(Time.Stamp仍然存在漏洞),,
0xab7f12a452f44ff040ff25b0ad66a1d784438d70,/home/hjh/Desktop/test/sguardplus/sum/0xab7f12a452f44ff040ff25b0ad66a1d784438d70.sol,62,rlrep,42,Arithmetic,^0.4.16,TRUE,True,FALSE,,
0xb02bc6401abf94d899efcc7c0733b6eedeaf657a,/home/hjh/Desktop/test/sguardplus/sum/0xb02bc6401abf94d899efcc7c0733b6eedeaf657a.sol,66,rlrep,28,Arithmetic,>=0.4.22 <0.6.0,TRUE,True,TRUE,,
0xb8d24ac55866236b2c7b8fb046ca110d488fba02,/home/hjh/Desktop/test/sguardplus/sum/0xb8d24ac55866236b2c7b8fb046ca110d488fba02.sol,180,rlrep,124,Arithmetic,^0.4.13,TRUE,True,TRUE,,
0xb93430ce38ac4a6bb47fb1fc085ea669353fd89e,/home/hjh/Desktop/test/sguardplus/sum/0xb93430ce38ac4a6bb47fb1fc085ea669353fd89e.sol,74,SmartBugs,38,Reentrancy,^0.4.19,TRUE,True,TRUE,,
0xbea2ac62cd7da8951f7992c40ef52139fcdd33a3,/home/hjh/Desktop/test/sguardplus/sum/0xbea2ac62cd7da8951f7992c40ef52139fcdd33a3.sol,48,rlrep,22,Arithmetic,^0.4.16,TRUE,True,TRUE,,
0xd0eabc1550ba386fd26b2c01dec45b2595063498,/home/hjh/Desktop/test/sguardplus/sum/0xd0eabc1550ba386fd26b2c01dec45b2595063498.sol,24,rlrep,20,unchecked_low_level_calls,>= 0.4.24,TRUE,False,双引号变单引号,"./smartcontract/single_fixed_contracts\0xd0eabc1550ba386fd26b2c01dec45b2595063498(20).sol:20:15: Error: Type tuple() is not implicitly convertible to expected type bool.
          if (releaseWallet.transfer(address(this).balance)) {  // fault line
              ^-------------------------------------------^
","target.call.value(msg.value)(data) 返回 bool 类型，但代码的返回类型是 tuple(bool, bytes memory)"
0xd116d1349c1382b0b302086a4e4219ae4f8634ff,/home/hjh/Desktop/test/sguardplus/sum/0xd116d1349c1382b0b302086a4e4219ae4f8634ff.sol,51,rlrep,23,Reentrancy,^0.4.19,TRUE,True,TRUE,,
0xd42993d9d330614fb7e4331e41d2916f9a69d28e,/home/hjh/Desktop/test/sguardplus/sum/0xd42993d9d330614fb7e4331e41d2916f9a69d28e.sol,66,rlrep,28,TIME_MANIPULATION,^0.4.11,TRUE,True,FALSE,,
0xd69ef2f30c17b73add956f7f736fe8a6b69a1097,/home/hjh/Desktop/test/sguardplus/sum/0xd69ef2f30c17b73add956f7f736fe8a6b69a1097.sol,68,rlrep,54,unchecked_low_level_calls,^0.4.13,TRUE,False,TRUE,"./smartcontract/single_fixed_contracts\0xd69ef2f30c17b73add956f7f736fe8a6b69a1097(54).sol:51:28: Error: Expected ',' but got 'payable'
	function transfer(address payable _to, uint _value) public returns (bool) {
	                          ^-----^
",不支持的语法特性
0xd7093534bf4f22d49e5830ead80f0c0d80715d93,/home/hjh/Desktop/test/sguardplus/sum/0xd7093534bf4f22d49e5830ead80f0c0d80715d93.sol,61,rlrep,35,Arithmetic,^0.4.18,TRUE,True,TRUE,,
0xdd97853ba34af302f3d6a6415a750ae38e26d1fc,/home/hjh/Desktop/test/sguardplus/sum/0xdd97853ba34af302f3d6a6415a750ae38e26d1fc.sol,1223,smartfix,1159,access_control,^0.4.0,TRUE,True,TRUE,,
0xdf4b83a451ef20b925ce39f4da2a021722688370,/home/hjh/Desktop/test/sguardplus/sum/0xdf4b83a451ef20b925ce39f4da2a021722688370.sol,63,rlrep,19,Reentrancy,^0.4.25,TRUE,True,TRUE,,
0xe521926eb077bd07025c244fbe637a302faa62b6,/home/hjh/Desktop/test/sguardplus/sum/0xe521926eb077bd07025c244fbe637a302faa62b6.sol,385,rlrep,171,access_control,0.4.25,TRUE,True,TRUE,,
0xe601d4981fa105fec023622bdde3f07c774b421f,/home/hjh/Desktop/test/sguardplus/sum/0xe601d4981fa105fec023622bdde3f07c774b421f.sol,16,rlrep,14,Arithmetic,^0.4.25,TRUE,True,TRUE,,
0xf03f87c82f30357099bde7d2059dad7fff94059f,/home/hjh/Desktop/test/sguardplus/sum/0xf03f87c82f30357099bde7d2059dad7fff94059f.sol,42,rlrep,16,Arithmetic,^0.4.21    ,TRUE,True,TRUE,,
0xf70d589d76eebdd7c12cc5eec99f8f6fa4233b9e,/home/hjh/Desktop/test/sguardplus/sum/0xf70d589d76eebdd7c12cc5eec99f8f6fa4233b9e.sol,46,SmartBugs,45,unchecked_low_level_calls,^0.4.19,TRUE,False,TRUE,"./smartcontract/single_fixed_contracts\0xf70d589d76eebdd7c12cc5eec99f8f6fa4233b9e(45).sol:25:3485: Warning: Using contract member ""balance"" inherited from the address type is deprecated. Convert the contract to ""address"" type to access the member, for example use ""address(contract).balance"" instead.
 ... this.balance ... 
     ^----------^
./smartcontract/single_fixed_contracts\0xf70d589d76eebdd7c12cc5eec99f8f6fa4233b9e(45).sol:26:33: Warning: Using contract member ""balance"" inherited from the address type is deprecated. Convert the contract to ""address"" type to access the member, for example use ""address(contract).balance"" instead.
            msg.sender.transfer(this.balance);
                                ^----------^
./smartcontract/single_fixed_contracts\0xf70d589d76eebdd7c12cc5eec99f8f6fa4233b9e(45).sol:35:24: Warning: Using contract member ""balance"" inherited from the address type is deprecated. Convert the contract to ""address"" type to access the member, for example use ""address(contract).balance"" instead.
        Owner.transfer(this.balance);
                       ^----------^
./smartcontract/single_fixed_contracts\0xf70d589d76eebdd7c12cc5eec99f8f6fa4233b9e(45).sol:42:29: Error: Type bool is not implicitly convertible to expected type tuple(bool,bytes memory).
    (success, returnData) = adr.call.value(msg.value)(data);
                            ^-----------------------------^
","bool类型转换错误：(success, returnData) = adr.call.value(msg.value)(data) 返回 bool 类型，但期望的返回类型是 tuple(bool, bytes memory)"
0xf7ed56c1ac4d038e367a987258b86fc883b960a1,/home/hjh/Desktop/test/sguardplus/sum/0xf7ed56c1ac4d038e367a987258b86fc883b960a1.sol,731,rlrep,717,access_control,^0.4.19,TRUE,True,TRUE,,
0xfe15acb4e81ca0e4c1ce9c824036ef1f830bc630,/home/hjh/Desktop/test/sguardplus/sum/0xfe15acb4e81ca0e4c1ce9c824036ef1f830bc630.sol,7,rlrep,5,unchecked_low_level_calls,^0.4.23,TRUE,True,TRUE,,
2018-13167,/home/hjh/Desktop/test/sguardplus/sum/2018-13167.sol,122,smartfix,106,Arithmetic,^0.4.24,TRUE,False,没导入safemath库,"./smartcontract/single_fixed_contracts\2018-13167(106).sol:105:27: Error: Member ""mul"" not found or not visible after argument-dependent lookup in uint256
        uint256 _amount = mintedAmount.mul(10 ** uint256(decimals));
                          ^--------------^
",未引入safemath库
2018-13169,/home/hjh/Desktop/test/sguardplus/sum/2018-13169.sol,263,smartfix,153,Arithmetic,^0.4.20,TRUE,False,没导入safemath库,"./smartcontract/single_fixed_contracts\2018-13169(153).sol:33:5: Warning: Defining constructors as functions with the same name as the contract is deprecated. Use ""constructor(...) { ... }"" instead.
    function Ethereum_Cash_Pro_Coin() public
    ^ (Relevant source part starts here and spans across multiple lines).
./smartcontract/single_fixed_contracts\2018-13169(153).sol:139:17: Warning: Use of the ""var"" keyword is deprecated.
                var amountWith = this.balance - 10000000000000000;
                ^------------^
./smartcontract/single_fixed_contracts\2018-13169(153).sol:150:32: Error: Undeclared identifier.
    uint256 totalTokenToMint = SafeMath.mul(tokensToMint, 10 ** 18);
                               ^------^
./smartcontract/single_fixed_contracts\2018-13169(153).sol:151:24: Error: Undeclared identifier.
    balanceOf[owner] = SafeMath.add(balanceOf[owner], totalTokenToMint);
                       ^------^
./smartcontract/single_fixed_contracts\2018-13169(153).sol:152:19: Error: Undeclared identifier.
    totalSupply = SafeMath.add(totalSupply, totalTokenToMint);
                  ^------^
",未引入safemath库
2018-13176,/home/hjh/Desktop/test/sguardplus/sum/2018-13176.sol,245,smartfix,210,Arithmetic,^0.4.16,TRUE,False,没导入safemath库,"./smartcontract/single_fixed_contracts\2018-13176(210).sol:6:5: Warning: Defining constructors as functions with the same name as the contract is deprecated. Use ""constructor(...) { ... }"" instead.
    function owned() public {
    ^ (Relevant source part starts here and spans across multiple lines).
./smartcontract/single_fixed_contracts\2018-13176(210).sol:46:5: Warning: Defining constructors as functions with the same name as the contract is deprecated. Use ""constructor(...) { ... }"" instead.
    function TokenERC20(
    ^ (Relevant source part starts here and spans across multiple lines).
./smartcontract/single_fixed_contracts\2018-13176(210).sol:188:5: Warning: Defining constructors as functions with the same name as the contract is deprecated. Use ""constructor(...) { ... }"" instead.
    function TrustZen(
    ^ (Relevant source part starts here and spans across multiple lines).
./smartcontract/single_fixed_contracts\2018-13176(210).sol:20:28: Warning: Functions in interfaces should be declared external.
interface tokenRecipient { function receiveApproval(address _from, uint256 _value, address _token, bytes _extraData) public; }
                           ^-----------------------------------------------------------------------------------------------^
./smartcontract/single_fixed_contracts\2018-13176(210).sol:73:9: Warning: Invoking events without ""emit"" prefix is deprecated.
        Transfer(_from, _to, _value);
        ^--------------------------^
./smartcontract/single_fixed_contracts\2018-13176(210).sol:150:9: Warning: Invoking events without ""emit"" prefix is deprecated.
        Burn(msg.sender, _value);
        ^----------------------^
./smartcontract/single_fixed_contracts\2018-13176(210).sol:168:9: Warning: Invoking events without ""emit"" prefix is deprecated.
        Burn(_from, _value);
        ^-----------------^
./smartcontract/single_fixed_contracts\2018-13176(210).sol:203:9: Warning: Invoking events without ""emit"" prefix is deprecated.
        Transfer(_from, _to, _value);
        ^--------------------------^
./smartcontract/single_fixed_contracts\2018-13176(210).sol:212:25: Error: Member ""add"" not found or not visible after argument-dependent lookup in uint256
    balanceOf[target] = balanceOf[target].add(mintedAmount);
                        ^-------------------^
",未引入safemath库
2018-13200,/home/hjh/Desktop/test/sguardplus/sum/2018-13200.sol,246,smartfix,237,Arithmetic,0.4.21,TRUE,True,未能成功修复乘法导致的上溢漏洞,,
2018-13201,/home/hjh/Desktop/test/sguardplus/sum/2018-13201.sol,125,smartfix,119,Arithmetic,^0.4.13,TRUE,True,未能成功修复乘法导致的上溢漏洞,,
2018-13208,/home/hjh/Desktop/test/sguardplus/sum/2018-13208.sol,172,smartfix,165,Arithmetic,^0.4.2,TRUE,True,未能成功修复乘法导致的上溢漏洞,,
2018-13213,/home/hjh/Desktop/test/sguardplus/sum/2018-13213.sol,298,smartfix,184,Arithmetic,^0.4.2,TRUE,True,未能成功修复乘法导致的上溢漏洞,,
2018-13225,/home/hjh/Desktop/test/sguardplus/sum/2018-13225.sol,182,smartfix,168,Arithmetic,^0.4.13,TRUE,True,未能成功修复乘法导致的上溢漏洞,,
2018-13327,/home/hjh/Desktop/test/sguardplus/sum/2018-13327.sol,93,smartfix,35,Arithmetic,^0.4.4,TRUE,True,未能成功修复上溢漏洞,,
2018-13478,/home/hjh/Desktop/test/sguardplus/sum/2018-13478.sol,235,smartfix,200,Arithmetic,^0.4.16,TRUE,False,没导入safemath库,"./smartcontract/single_fixed_contracts\2018-13478(200).sol:6:5: Warning: Defining constructors as functions with the same name as the contract is deprecated. Use ""constructor(...) { ... }"" instead.
    function owned() public {
    ^ (Relevant source part starts here and spans across multiple lines).
./smartcontract/single_fixed_contracts\2018-13478(200).sol:45:5: Warning: Defining constructors as functions with the same name as the contract is deprecated. Use ""constructor(...) { ... }"" instead.
    function TokenERC20(
    ^ (Relevant source part starts here and spans across multiple lines).
./smartcontract/single_fixed_contracts\2018-13478(200).sol:181:5: Warning: Defining constructors as functions with the same name as the contract is deprecated. Use ""constructor(...) { ... }"" instead.
    function DMPToken(
    ^ (Relevant source part starts here and spans across multiple lines).
./smartcontract/single_fixed_contracts\2018-13478(200).sol:20:28: Warning: Functions in interfaces should be declared external.
interface tokenRecipient { function receiveApproval(address _from, uint256 _value, address _token, bytes _extraData) public; }
                           ^-----------------------------------------------------------------------------------------------^
./smartcontract/single_fixed_contracts\2018-13478(200).sol:66:9: Warning: Invoking events without ""emit"" prefix is deprecated.
        Transfer(_from, _to, _value);
        ^--------------------------^
./smartcontract/single_fixed_contracts\2018-13478(200).sol:143:9: Warning: Invoking events without ""emit"" prefix is deprecated.
        Burn(msg.sender, _value);
        ^----------------------^
./smartcontract/single_fixed_contracts\2018-13478(200).sol:161:9: Warning: Invoking events without ""emit"" prefix is deprecated.
        Burn(_from, _value);
        ^-----------------^
./smartcontract/single_fixed_contracts\2018-13478(200).sol:193:9: Warning: Invoking events without ""emit"" prefix is deprecated.
        Transfer(_from, _to, _value);
        ^--------------------------^
./smartcontract/single_fixed_contracts\2018-13478(200).sol:200:29: Error: Member ""add"" not found or not visible after argument-dependent lookup in uint256
        balanceOf[target] = balanceOf[target].add(mintedAmount);
                            ^-------------------^
",未引入safemath库
2018-13494,/home/hjh/Desktop/test/sguardplus/sum/2018-13494.sol,132,smartfix,123,Arithmetic,^0.4.16,TRUE,True,TRUE,,
2018-13496,/home/hjh/Desktop/test/sguardplus/sum/2018-13496.sol,303,smartfix,158,Arithmetic,^0.4.16,TRUE,True,TRUE,,
2018-13521,/home/hjh/Desktop/test/sguardplus/sum/2018-13521.sol,205,smartfix,74,Arithmetic,^0.4.16,TRUE,True,TRUE,,
2018-13530,/home/hjh/Desktop/test/sguardplus/sum/2018-13530.sol,83,smartfix,30,Arithmetic,^0.4.13,TRUE,False,没导入safemath库,"./smartcontract/single_fixed_contracts\2018-13530(30).sol:20:5: Warning: Defining constructors as functions with the same name as the contract is deprecated. Use ""constructor(...) { ... }"" instead.
    function HunterCoin() {
    ^ (Relevant source part starts here and spans across multiple lines).
./smartcontract/single_fixed_contracts\2018-13530(30).sol:30:25: Error: Member ""add"" not found or not visible after argument-dependent lookup in uint256
    balanceOf[target] = balanceOf[target].add(amount);
                        ^-------------------^
",没导入safemath库
2018-13545,/home/hjh/Desktop/test/sguardplus/sum/2018-13545.sol,235,smartfix,214,Arithmetic,^0.4.19,TRUE,False,没导入safemath库,"./smartcontract/single_fixed_contracts\2018-13545(214).sol:6:5: Warning: Defining constructors as functions with the same name as the contract is deprecated. Use ""constructor(...) { ... }"" instead.
    function owned() public {
    ^ (Relevant source part starts here and spans across multiple lines).
./smartcontract/single_fixed_contracts\2018-13545(214).sol:45:5: Warning: Defining constructors as functions with the same name as the contract is deprecated. Use ""constructor(...) { ... }"" instead.
    function TokenERC20(
    ^ (Relevant source part starts here and spans across multiple lines).
./smartcontract/single_fixed_contracts\2018-13545(214).sol:192:5: Warning: Defining constructors as functions with the same name as the contract is deprecated. Use ""constructor(...) { ... }"" instead.
    function HashShield(
    ^ (Relevant source part starts here and spans across multiple lines).
./smartcontract/single_fixed_contracts\2018-13545(214).sol:20:28: Warning: Functions in interfaces should be declared external.
interface tokenRecipient { function receiveApproval(address _from, uint256 _value, address _token, bytes _extraData) public; }
                           ^-----------------------------------------------------------------------------------------------^
./smartcontract/single_fixed_contracts\2018-13545(214).sol:77:9: Warning: Invoking events without ""emit"" prefix is deprecated.
        Transfer(_from, _to, _value);
        ^--------------------------^
./smartcontract/single_fixed_contracts\2018-13545(214).sol:154:9: Warning: Invoking events without ""emit"" prefix is deprecated.
        Burn(msg.sender, _value);
        ^----------------------^
./smartcontract/single_fixed_contracts\2018-13545(214).sol:172:9: Warning: Invoking events without ""emit"" prefix is deprecated.
        Burn(_from, _value);
        ^-----------------^
./smartcontract/single_fixed_contracts\2018-13545(214).sol:207:9: Warning: Invoking events without ""emit"" prefix is deprecated.
        Transfer(_from, _to, _value);
        ^--------------------------^
./smartcontract/single_fixed_contracts\2018-13545(214).sol:215:25: Error: Member ""add"" not found or not visible after argument-dependent lookup in uint256
    balanceOf[target] = balanceOf[target].add(mintedAmount);
                        ^-------------------^
",没导入safemath库
2018-13644,/home/hjh/Desktop/test/sguardplus/sum/2018-13644.sol,162,smartfix,135,Arithmetic,^0.4.18,TRUE,False,没导入safemath库,"./smartcontract/single_fixed_contracts\2018-13644(135).sol:25:5: Warning: Defining constructors as functions with the same name as the contract is deprecated. Use ""constructor(...) { ... }"" instead.
    function Owner() public{
    ^ (Relevant source part starts here and spans across multiple lines).
./smartcontract/single_fixed_contracts\2018-13644(135).sol:60:5: Warning: Defining constructors as functions with the same name as the contract is deprecated. Use ""constructor(...) { ... }"" instead.
    function RoyalClassicCoin(uint256 initial_supply, string _name, string _symbol, uint8 _decimal) public {
    ^ (Relevant source part starts here and spans across multiple lines).
./smartcontract/single_fixed_contracts\2018-13644(135).sol:90:9: Warning: Invoking events without ""emit"" prefix is deprecated.
        Transfer(msg.sender, to, value);
        ^-----------------------------^
./smartcontract/single_fixed_contracts\2018-13644(135).sol:116:9: Warning: Invoking events without ""emit"" prefix is deprecated.
        Transfer(from, to, value);
        ^-----------------------^
./smartcontract/single_fixed_contracts\2018-13644(135).sol:129:9: Warning: Invoking events without ""emit"" prefix is deprecated.
        Approval(msg.sender, _spender, _amount);
        ^-------------------------------------^
./smartcontract/single_fixed_contracts\2018-13644(135).sol:135:24: Error: Member ""add"" not found or not visible after argument-dependent lookup in uint256
    balances[target] = balances[target].add(mintedAmount); 
                       ^------------------^
",没导入safemath库
2018-13729,/home/hjh/Desktop/test/sguardplus/sum/2018-13729.sol,267,smartfix,165,Arithmetic,^0.4.17,TRUE,False,没导入safemath库,"./smartcontract/single_fixed_contracts\2018-13729(165).sol:33:5: Warning: Defining constructors as functions with the same name as the contract is deprecated. Use ""constructor(...) { ... }"" instead.
    function JPMD100B() public
    ^ (Relevant source part starts here and spans across multiple lines).
./smartcontract/single_fixed_contracts\2018-13729(165).sol:153:17: Warning: Use of the ""var"" keyword is deprecated.
                var amountWith = this.balance - 10000000000000000;
                ^------------^
./smartcontract/single_fixed_contracts\2018-13729(165).sol:163:32: Error: Undeclared identifier.
    uint256 totalTokenToMint = SafeMath.mul(tokensToMint, 10 ** 18);
                               ^------^
./smartcontract/single_fixed_contracts\2018-13729(165).sol:164:24: Error: Undeclared identifier.
    balanceOf[owner] = SafeMath.add(balanceOf[owner], totalTokenToMint);
                       ^------^
./smartcontract/single_fixed_contracts\2018-13729(165).sol:165:19: Error: Undeclared identifier.
    totalSupply = SafeMath.add(totalSupply, totalTokenToMint);
                  ^------^
",没导入safemath库
2018-13741,/home/hjh/Desktop/test/sguardplus/sum/2018-13741.sol,235,smartfix,200,Arithmetic,^0.4.16,TRUE,False,没导入safemath库,"./smartcontract/single_fixed_contracts\2018-13741(200).sol:6:5: Warning: Defining constructors as functions with the same name as the contract is deprecated. Use ""constructor(...) { ... }"" instead.
    function owned() public {
    ^ (Relevant source part starts here and spans across multiple lines).
./smartcontract/single_fixed_contracts\2018-13741(200).sol:45:5: Warning: Defining constructors as functions with the same name as the contract is deprecated. Use ""constructor(...) { ... }"" instead.
    function TokenERC20(
    ^ (Relevant source part starts here and spans across multiple lines).
./smartcontract/single_fixed_contracts\2018-13741(200).sol:181:5: Warning: Defining constructors as functions with the same name as the contract is deprecated. Use ""constructor(...) { ... }"" instead.
    function ABLGenesisToken(
    ^ (Relevant source part starts here and spans across multiple lines).
./smartcontract/single_fixed_contracts\2018-13741(200).sol:20:28: Warning: Functions in interfaces should be declared external.
interface tokenRecipient { function receiveApproval(address _from, uint256 _value, address _token, bytes _extraData) public; }
                           ^-----------------------------------------------------------------------------------------------^
./smartcontract/single_fixed_contracts\2018-13741(200).sol:66:9: Warning: Invoking events without ""emit"" prefix is deprecated.
        Transfer(_from, _to, _value);
        ^--------------------------^
./smartcontract/single_fixed_contracts\2018-13741(200).sol:143:9: Warning: Invoking events without ""emit"" prefix is deprecated.
        Burn(msg.sender, _value);
        ^----------------------^
./smartcontract/single_fixed_contracts\2018-13741(200).sol:161:9: Warning: Invoking events without ""emit"" prefix is deprecated.
        Burn(_from, _value);
        ^-----------------^
./smartcontract/single_fixed_contracts\2018-13741(200).sol:193:9: Warning: Invoking events without ""emit"" prefix is deprecated.
        Transfer(_from, _to, _value);
        ^--------------------------^
./smartcontract/single_fixed_contracts\2018-13741(200).sol:200:29: Error: Member ""add"" not found or not visible after argument-dependent lookup in uint256
        balanceOf[target] = balanceOf[target].add(mintedAmount);
                            ^-------------------^
",没导入safemath库
2018-13771,/home/hjh/Desktop/test/sguardplus/sum/2018-13771.sol,219,smartfix,206,Arithmetic,^0.4.21,TRUE,False,没导入safemath库,"./smartcontract/single_fixed_contracts\2018-13771(206).sol:6:5: Warning: Defining constructors as functions with the same name as the contract is deprecated. Use ""constructor(...) { ... }"" instead.
    function owned() public {
    ^ (Relevant source part starts here and spans across multiple lines).
./smartcontract/single_fixed_contracts\2018-13771(206).sol:45:5: Warning: Defining constructors as functions with the same name as the contract is deprecated. Use ""constructor(...) { ... }"" instead.
    function TokenERC20(
    ^ (Relevant source part starts here and spans across multiple lines).
./smartcontract/single_fixed_contracts\2018-13771(206).sol:184:5: Warning: Defining constructors as functions with the same name as the contract is deprecated. Use ""constructor(...) { ... }"" instead.
    function ExacoreContract (
    ^ (Relevant source part starts here and spans across multiple lines).
./smartcontract/single_fixed_contracts\2018-13771(206).sol:206:29: Error: Member ""add"" not found or not visible after argument-dependent lookup in uint256
        balanceOf[target] = balanceOf[target].add(mintedAmount);
                            ^-------------------^
",没导入safemath库
2018-14087,/home/hjh/Desktop/test/sguardplus/sum/2018-14087.sol,175,smartfix,157,Arithmetic,^0.4.16,TRUE,False,SafeMath未引入,"./smartcontract/single_fixed_contracts\2018-14087(157).sol:6:5: Warning: Defining constructors as functions with the same name as the contract is deprecated. Use ""constructor(...) { ... }"" instead.
    function owned() public {
    ^ (Relevant source part starts here and spans across multiple lines).
./smartcontract/single_fixed_contracts\2018-14087(157).sol:40:5: Warning: Defining constructors as functions with the same name as the contract is deprecated. Use ""constructor(...) { ... }"" instead.
    function TokenERC20(uint256 initialSupply, string tokenName, string tokenSymbol) public {
    ^ (Relevant source part starts here and spans across multiple lines).
./smartcontract/single_fixed_contracts\2018-14087(157).sol:122:2: Warning: Defining constructors as functions with the same name as the contract is deprecated. Use ""constructor(...) { ... }"" instead.
	function EncryptedToken() TokenERC20(INITIAL_SUPPLY, 'EUC', 'EUC') payable public {}
	^----------------------------------------------------------------------------------^
./smartcontract/single_fixed_contracts\2018-14087(157).sol:157:19: Error: Undeclared identifier.
    uint amount = SafeMath.mul(msg.value, buyPrice); // calculates the amount safely
                  ^------^
",没导入safemath库
2018-14089,/home/hjh/Desktop/test/sguardplus/sum/2018-14089.sol,208,smartfix,101,Arithmetic,^0.4.19,TRUE,True,未修复成功,,
integer_overflow_mapping_sym,/home/hjh/Desktop/test/sguardplus/sum/integer_overflow_mapping_sym.sol,19,SmartBugs,16,Arithmetic,^0.4.11,TRUE,True,TRUE,,
reentrance,/home/hjh/Desktop/test/sguardplus/sum/reentrance.sol,33,SmartBugs,24,Reentrancy,^0.4.18,TRUE,True,TRUE,,
send_loop,/home/hjh/Desktop/test/sguardplus/sum/send_loop.sol,29,SmartBugs,24,DoS,0.4.24,TRUE,True,TRUE,,
dos_address,/home/hjh/Desktop/test/sguardplus/sum/dos_address.sol,37,SmartBugs,16,DoS,^0.4.25,TRUE,False,TRUE,"./smartcontract/single_fixed_contracts\dos_address(17).sol:17:29: Error: Contract or array type expected.
        creditorAddresses = new address ;
                            ^---------^
",不支持的语法特性
lottery,/home/hjh/Desktop/test/sguardplus/sum/lottery.sol,69,SmartBugs,38,BAD_RANDOMNESS,^0.4.0,TRUE,True,blockhash 仍然是可以被矿工操纵的值,,
smart_billions,/home/hjh/Desktop/test/sguardplus/sum/smart_billions.sol,772,SmartBugs,523,BAD_RANDOMNESS,^0.4.13,TRUE,True,FALSE,,
